avg_personal_score,min_personal_score,max_loops,total_latency,total_token_usage,num_agents_triggered_enhancement,num_nodes,num_edges,clustering_coefficient,transitivity,avg_degree_centrality,avg_betweenness_centrality,avg_closeness_centrality,pagerank_entropy,heterogeneity_score,collective_score,humaneval_score,gsm8k_score,mmlu_score,label_mas_score
0.6375,0.3,1,57.36234521865845,4767,0,4,0,0.5,0.0,0.0,0.5,0.5,1.0,0.01,0.6375,0.6514459255944348,0.02788063126632654,0.5870994546838897,0.45150704311389334
0.75,0.75,1,51.09720993041992,4801,0,4,0,0.5,0.0,0.0,0.5,0.5,1.0,0.01,0.75,0.07592804528573636,0.5293338170443497,0.20342171795423317,0.23744851134701972
0.75,0.75,1,41.86323571205139,3829,0,4,0,0.5,0.0,0.0,0.5,0.5,1.0,0.01,0.75,0.34757071408544066,0.6893448932903202,0.4897641057099826,0.47854164617181294
0.75,0.75,1,61.38807988166809,5691,0,4,0,0.5,0.0,0.0,0.5,0.5,1.0,0.01,0.75,0.4260867895407574,0.5394242720284964,0.2342529281741113,0.4217212620137499
0.75,0.75,1,42.35837459564209,3704,0,4,0,0.5,0.0,0.0,0.5,0.5,1.0,0.01,0.75,0.22170375199370113,0.09859556414744289,0.4621182757110265,0.23285420038328872
0.75,0.75,1,49.47809362411499,4952,0,4,0,0.5,0.0,0.0,0.5,0.5,1.0,0.01,0.75,0.2245775951199309,0.43233069463080115,0.6058583548614669,0.36315967692149914
0.75,0.75,1,56.662641525268555,4537,0,4,0,0.5,0.0,0.0,0.5,0.5,1.0,0.01,0.75,0.6349483444713511,0.1425513183973191,0.6806217614342382,0.4963639200417189
0.75,0.75,1,67.86944651603699,4835,0,4,0,0.5,0.0,0.0,0.5,0.5,1.0,0.01,0.75,0.1120358125614514,0.5459913717678523,0.39806606119670185,0.29942853005042175
0.6375,0.3,1,57.72882008552551,5000,0,4,0,0.5,0.0,0.0,0.5,0.5,1.0,0.01,0.6375,0.6644896577020969,0.4177508669432502,0.7511730539482944,0.6078046997236823
